District Code,State,White,Asian,Black,Hispanic,Other,18 to 29,30 to 49,50 to 69,70+,HS or less,Some college,Associate's,Bachelor's or greater,25k or less,25k to 50k,50k to 75k,75k to 100k,100k or greater
AK-01,AK,421758,61460,35454,49824,178955,108834,198870,173763,55651,171815,121302,43357,149397,32009,39472,41544,37590,113761
AL-01,AL,519198,14424,126801,33476,24447,81508,175291,189134,94662,221815,109816,49349,121219,54567,59310,46176,36444,76980
AL-02,AL,298335,16843,364985,26535,15858,103611,174769,174184,79810,217589,100187,40028,121030,74567,65653,47063,29639,61684
AL-03,AL,502129,15755,156204,27470,17457,101333,174741,182562,84708,224202,108680,45654,109873,65096,59678,46862,34251,67728
AL-04,AL,575711,6614,56723,57537,24062,90860,172028,184677,91990,241577,104424,48893,98077,60959,61534,47009,35641,67065
AL-05,AL,486765,19813,138438,47408,28899,93888,183077,188137,80131,180234,102350,40990,175363,47308,55371,46998,36677,100084
AL-06,AL,510804,17229,133963,39453,16765,84843,191372,177501,77024,166483,98206,39538,184827,36541,46755,44965,36808,105036
AL-07,AL,278409,12099,387622,32168,11021,113147,172580,175311,76606,211005,103086,41569,122456,75979,64962,46045,31211,60504
AR-01,AR,551532,7852,139921,29297,22941,92512,182949,190684,95164,268582,113696,43000,90663,74349,71592,51772,33697,59229
AR-02,AR,498838,18424,166319,46673,24468,104569,190885,181248,85864,191406,108511,42773,165254,59714,69840,52097,37714,86485
AR-03,AR,509829,33269,31858,124073,58864,111125,200852,165038,72466,207242,97527,34391,152881,45703,60666,51309,38988,89845
AR-04,AR,503351,9013,157870,56804,27215,92590,177809,194767,98543,266300,117090,39350,93181,72605,73189,51006,35178,56716
AZ-01,AZ,555355,48562,36781,129929,30588,101392,202066,216866,114351,127493,119434,44803,298872,39915,54453,51643,43246,162626
AZ-02,AZ,439262,16397,25186,133934,190282,101064,176395,208365,120986,212644,149291,52589,138591,57748,64453,55454,39760,81674
AZ-03,AZ,155477,29025,99476,497430,45447,138132,229523,141471,42123,267150,95793,33069,87028,45228,59349,52854,37012,63809
AZ-04,AZ,438281,57732,59600,212504,44328,150857,211127,173237,77765,156565,133086,49852,201206,42515,60242,59339,46369,113118
AZ-05,AZ,532842,61660,41770,141062,27394,82942,214937,179220,87417,137376,124282,52782,206935,22629,35943,41797,38819,141899
AZ-06,AZ,501707,37198,41106,196567,33370,103375,177321,198410,139897,157261,139223,54341,215001,49419,64759,57524,45687,114290
AZ-07,AZ,226110,23815,43752,475267,52495,139171,197271,168235,75780,235442,118611,43500,105104,62222,69807,52396,36541,63810
AZ-08,AZ,510902,46829,50344,168012,29862,90802,189584,196808,128201,183097,145614,56438,176936,41525,58234,55253,43366,114134
AZ-09,AZ,456611,29914,48379,237548,37006,95251,199321,196518,114402,225784,153493,58492,121781,42038,56864,55370,43801,100202
CA-01,CA,462197,40391,20639,198815,51978,103504,187089,195979,99801,190573,137578,53975,150063,46680,53975,45288,35647,107089
CA-02,CA,533599,46719,18778,112645,53352,82082,180156,213914,117680,152821,131452,49587,218611,46533,51961,42223,34596,127927
CA-03,CA,435208,105091,54225,141407,36344,92989,200731,196312,94877,159711,127769,54536,198846,41087,46814,42610,35430,123705
CA-04,CA,384742,89643,28171,236841,38904,112532,184301,181321,90695,176064,118675,47950,162779,34178,40459,39925,35419,119208
CA-05,CA,424499,62902,24651,219949,45507,92441,192471,194687,97309,189422,141402,53088,148471,34436,44443,43456,36764,114911
CA-06,CA,386058,115196,70555,169635,40007,99496,212922,172244,73260,158601,127608,52586,173676,32778,40473,40935,36555,122356
CA-07,CA,305712,177508,82234,176798,42016,97103,201935,187051,83379,165498,125339,51260,182190,34864,37819,38620,34419,123347
CA-08,CA,233055,160486,120878,238586,39861,101326,207481,188013,80665,184546,125428,49753,168432,28570,35751,35264,35636,127634
CA-09,CA,194161,169287,104430,288030,41552,109794,203731,171087,65425,219750,117432,48708,109859,28225,34015,34533,33071,105335
CA-10,CA,374313,182863,42013,151209,26364,78613,202704,196710,92775,112773,95558,43554,279611,22450,25046,24737,25636,176148
CA-11,CA,328242,262605,52253,107106,20225,115866,261051,166682,84653,116641,67512,28564,378279,45512,30143,26423,26864,198285
CA-12,CA,249406,186168,140008,179534,30857,115495,233299,166701,77170,140108,80755,30617,289007,41736,36335,33699,29754,146609
CA-13,CA,158370,66468,38827,492863,44755,113121,195144,144481,53582,276061,89231,30032,54532,38943,46029,39009,30473,59442
CA-14,CA,185775,341689,46588,177264,32967,87402,232088,181953,72087,150247,86559,36272,263500,18665,20302,23242,24018,159377
CA-15,CA,216763,300594,28846,201867,30861,94407,222128,189557,85578,158366,90343,38810,264374,20522,24048,24996,23779,161955
CA-16,CA,322755,254704,22413,151126,21393,87615,206005,189006,85020,105092,67496,30995,322393,21037,22235,22688,21154,178432
CA-17,CA,162408,439749,22677,130456,19652,118150,243664,162877,62649,107827,61834,34737,337836,19313,17228,20003,20924,187070
CA-18,CA,143922,95404,22198,500484,41447,115329,210127,160911,58193,246507,91777,36054,111222,23638,30847,30129,28457,101914
CA-19,CA,366442,165500,26816,187658,30642,99423,190460,197114,94641,125457,107369,49724,244613,23048,31536,29204,29286,154772
CA-20,CA,358483,59802,34994,288988,39706,99416,197966,164269,71242,180073,128260,51302,125327,34334,43711,39423,34303,101658
CA-21,CA,144585,84378,48172,482325,38231,118202,195329,143201,59135,236098,105931,39299,76824,51490,52226,40851,29665,58536
CA-22,CA,107893,45237,44414,563305,37384,127796,205823,135678,44779,285510,87626,28934,48192,46162,53405,40391,25849,47201
CA-23,CA,299755,42800,80938,324842,40713,101987,199506,172823,71102,229887,130381,43736,90562,42268,50331,41977,31294,78377
CA-24,CA,378230,56034,19323,294734,34519,129570,173414,175667,94276,153538,108291,45438,186631,34647,39957,37141,33491,123293
CA-25,CA,217879,35419,38178,464876,37255,100254,184775,172602,100971,245718,114298,39223,109519,49565,54832,39666,32918,80858
CA-26,CA,325269,83629,27666,317496,30844,97093,191498,188616,81999,169823,100246,47104,192882,23209,28897,30457,28852,129862
CA-27,CA,236158,84756,91928,346015,30920,99112,201911,176993,59253,199048,107989,43962,138030,30068,34902,32493,29365,104844
CA-28,CA,200882,309055,39703,210705,21080,88239,204683,199993,97458,169117,88843,43429,250302,33648,35025,34710,30703,131041
CA-29,CA,173399,71093,41594,477560,32069,119597,217321,168963,59196,255648,93627,35031,126613,41601,43685,36949,30609,81427
CA-30,CA,421462,115816,37865,178511,19529,110390,250958,180391,81422,152604,98296,43808,287696,56438,46726,43774,39855,140583
CA-31,CA,142414,156798,35896,429185,31588,110270,198222,186081,74507,216429,108272,42130,146368,25066,31940,32848,30202,101990
CA-32,CA,405502,117321,40523,189453,20354,103656,212180,193421,89617,133943,100671,42503,275275,31962,35721,34310,31582,153836
CA-33,CA,138544,70671,94798,459436,35860,121996,208001,150230,47487,228821,99790,36610,103673,29158,37131,36497,28771,86132
CA-34,CA,82569,142435,43195,497280,33712,132484,237991,163518,63665,279845,82658,28266,148884,61033,55411,43033,32853,73716
CA-35,CA,140468,117674,58639,446255,34436,121461,214887,164057,53337,221657,104254,40018,127452,25440,33011,35647,30629,96569
CA-36,CA,420849,161956,39243,126932,19144,99413,216424,182379,88602,79253,75676,32644,354112,36146,31739,33729,31405,183134
CA-37,CA,99490,60398,193744,409691,29862,132477,218807,158922,57413,247582,87622,29400,138681,54014,50009,37187,28478,82818
CA-38,CA,101616,196613,16889,450094,29341,104321,197545,186323,80434,247849,93390,36501,141199,28837,35478,33013,26803,93975
CA-39,CA,148509,57765,81601,473263,37363,130879,205498,151194,50002,243848,103045,35864,87206,23514,32390,33855,29641,82539
CA-40,CA,359388,103710,44617,243980,30295,92744,199941,191573,74985,154760,126035,48169,185195,19560,24570,29217,28526,139985
CA-41,CA,163158,95336,41025,461976,36051,106631,207538,179132,72528,212171,113829,44432,144366,25645,32760,34626,32404,107155
CA-42,CA,343883,111032,55354,240878,30005,113879,212835,188008,82894,151767,116542,41485,238560,36172,41043,39459,37134,146971
CA-43,CA,52450,75741,201912,433512,33350,113001,207192,164407,56231,254042,98966,32431,103011,40461,43666,38591,29975,76630
CA-44,CA,60389,81117,86054,535795,40278,116503,211116,166144,59704,280638,96605,30946,88876,33310,41927,37653,28674,72452
CA-45,CA,151712,316279,26743,263412,26075,104090,193593,188596,81697,201123,101464,41839,173077,27313,31294,30532,27903,107914
CA-46,CA,132689,119649,23761,486278,37271,126381,212643,161862,56667,251008,96826,31035,117512,27683,32482,32929,29645,89424
CA-47,CA,353573,238792,21860,137878,17906,100464,204520,184856,84907,84639,86272,39331,314385,31383,28309,29462,26630,167768
CA-48,CA,325779,74155,44321,304909,39167,94324,200925,177254,86950,185459,125871,46280,155950,35419,40125,39066,32189,109609
CA-49,CA,434796,121957,26638,164145,26192,96049,193946,181221,77421,96943,92102,36977,271038,22004,28710,27933,25001,154665
CA-50,CA,417088,154045,32977,140896,25537,126234,214024,171964,84497,106339,99901,42351,290961,30570,32262,35406,32354,159068
CA-51,CA,385587,88812,68684,205434,33310,123698,223800,173744,74644,150150,129206,50392,210466,34962,41476,43829,38994,129933
CA-52,CA,117198,122027,68467,459616,37390,118861,216473,167456,63941,229814,114356,44586,119854,33027,38375,36314,30697,89806
CO-01,CO,392965,39732,77809,200616,28561,128591,246649,136789,56779,130073,81690,28023,284354,44833,49569,49124,40754,141889
CO-02,CO,549122,36784,13401,102698,20148,126223,188377,171858,69186,87733,80579,35850,280152,36292,41005,40859,34852,137467
CO-03,CO,481577,11622,13113,185799,40172,86199,178510,193469,94082,184475,116653,47343,160885,52387,60361,53695,38880,87664
CO-04,CO,546832,36567,20558,98457,23077,81700,202623,181461,69580,120510,100856,44956,228698,24245,32678,33666,34293,145571
CO-05,CO,473462,39114,63028,129138,34167,118750,194023,157367,61906,117599,112593,52346,190644,30946,44574,47862,38712,111265
CO-06,CO,402940,56338,91318,159402,27053,98737,209465,165199,65836,140039,96617,41370,217432,28176,39801,44558,36559,126972
CO-07,CO,540488,32417,16964,109182,26740,90873,203889,191837,85071,136884,103583,43122,248262,29992,40835,44688,38163,142571
CO-08,CO,373277,33210,21988,278098,32583,103173,210487,150685,53838,193979,102485,41713,131262,26798,39505,41206,37967,106810
CT-01,CT,411361,49243,133181,128216,12916,95943,185851,186655,84005,182543,86799,42939,194953,43831,44771,42554,37855,123267
CT-02,CT,562700,33870,42913,67036,18178,94009,168552,207861,91796,173537,94537,45786,196089,33599,41681,40966,36949,132734
CT-03,CT,437845,40442,119756,121255,12633,100500,178929,194105,87698,189120,83128,36425,200403,41409,44265,41187,35557,123576
CT-04,CT,410531,48354,100488,155911,10451,85086,183103,192956,77009,140554,63316,28220,261846,32377,33232,30559,25244,142176
CT-05,CT,456795,33784,71078,150875,12703,89414,177489,193249,87971,185110,86753,38797,189935,41625,45811,40280,33251,121051
DE-01,DE,579851,50969,244944,104290,22939,122674,239129,269278,129105,269473,130994,58540,241357,51964,68927,63367,54374,150368
FL-01,FL,533911,35309,116673,59438,28943,107849,194381,194678,89243,184785,123684,62871,162826,42942,60144,54660,41495,100950
FL-02,FL,486775,23108,188670,54315,20463,124947,191366,191504,89238,214329,107602,47759,155425,61355,67831,54010,39459,79484
FL-03,FL,500368,30817,135375,89389,17062,120814,176239,189995,110486,226073,102781,52504,145690,64543,71079,52128,34234,73298
FL-04,FL,400933,28670,262951,67385,19338,98039,201302,198291,79078,221782,122544,55053,133229,51537,61566,52774,39790,89332
FL-05,FL,497450,59075,107690,92795,17208,103954,208568,187893,86670,152228,99749,50083,234888,35724,52757,51023,40069,122475
FL-06,FL,548571,16943,99968,88354,18038,82583,163876,224856,151251,253478,126901,62675,137589,61124,76478,61797,41464,82047
FL-07,FL,472857,39599,90635,159630,17714,94641,201070,206120,102467,179311,115175,68143,197201,40063,59638,55329,44723,107966
FL-08,FL,550406,26948,87279,89241,18399,81052,165952,232664,143129,197365,125266,68781,191585,46902,63375,56630,42289,103943
FL-09,FL,231009,40772,106793,398290,17159,105073,222282,171180,67784,196157,100036,58616,162037,34869,51756,47975,36397,73319
FL-10,FL,272949,46845,217311,229989,15929,145737,221542,162886,63838,191373,86816,57023,186384,47861,57303,48704,37204,84964
FL-11,FL,456769,38409,109029,148527,15841,76691,193484,198004,139965,202476,115505,62022,191888,34584,56847,51841,41104,107860
FL-12,FL,578906,21492,49184,104305,19038,77066,173840,219588,142649,256329,127800,59051,132118,58868,73323,58375,41618,80375
FL-13,FL,569083,34687,65273,85330,16580,76780,170361,238675,149323,211611,126149,61057,200427,57580,68738,58102,41612,106619
FL-14,FL,356844,40939,162110,208836,14511,112243,221104,190470,80561,194309,96257,48187,220119,54663,64459,54679,40334,106344
FL-15,FL,392970,48862,130484,193574,18116,109976,204738,186561,90340,210383,98776,53941,170357,49053,63339,52911,37610,91133
FL-16,FL,460213,30034,106142,166150,16623,81789,189958,201440,125374,205767,110459,55563,187609,38601,56272,50516,40299,109468
FL-17,FL,581035,17146,51707,105922,13552,68911,144072,238696,202310,235786,129463,59817,194470,51234,67352,63959,47769,109472
FL-18,FL,425396,16114,112730,207594,18492,95997,189375,188273,120724,281577,113399,49306,103096,56858,70679,53967,37633,65659
FL-19,FL,536453,18828,57118,146650,11915,71869,150954,223997,192958,211248,118906,54746,219452,46420,60675,58858,44156,121204
FL-20,FL,158637,25320,407543,181082,10765,101811,204840,187941,87126,247805,101468,53052,132929,58223,64987,53279,35571,68983
FL-21,FL,491801,23461,109268,134691,14446,77609,169381,220860,151741,199468,121071,59492,202413,44100,56646,52231,41086,116396
FL-22,FL,389651,27606,137952,209738,14344,84165,182568,197264,150022,209161,103953,53008,206597,45714,58912,49282,39900,109862
FL-23,FL,424407,36743,113634,168630,9910,82513,190995,210893,119052,163525,102806,49788,248090,46508,56129,51382,39190,127806
FL-24,FL,135526,16639,338202,288794,8095,103365,216956,188263,86002,245312,87644,51897,162752,63667,64907,50423,37141,72230
FL-25,FL,250270,48563,142336,331599,11402,92470,213825,196341,84200,178032,92269,55148,213593,42059,50102,43518,35325,111524
FL-26,FL,149228,12322,56007,561193,7679,93242,208950,200119,106697,273725,75326,53671,159092,50462,55900,46948,35123,80535
FL-27,FL,132078,20431,55568,566370,7522,93960,213399,193234,99470,205947,73592,48392,229571,54697,51114,42688,32328,107955
FL-28,FL,116007,17323,86320,559429,9855,94727,206678,193316,84965,238329,82283,55384,156039,41123,44593,41717,34337,85037
GA-01,GA,440636,23547,230783,59328,18654,112498,197872,178273,80052,211335,117296,44353,140949,53600,61483,52125,38718,83548
GA-02,GA,305611,15236,393195,45499,14135,107553,187863,180137,80624,240729,109591,46331,104303,78403,67583,48272,31995,59101
GA-03,GA,492494,21220,188947,48285,17559,97057,190678,196213,82172,219000,107957,45117,144014,45152,49440,46806,39935,99194
GA-04,GA,150803,80931,387919,147267,16524,110586,218360,170172,58418,176556,89199,46117,196085,41799,62509,49845,36288,87046
GA-05,GA,237353,47347,403564,75635,13244,142420,225988,155472,53771,156381,78065,33674,245043,63199,59788,47755,37022,113097
GA-06,GA,227858,32152,409519,94388,13956,119643,228098,166040,60075,147039,91176,40606,243286,38703,51927,52971,44307,124632
GA-07,GA,487523,112943,71376,78323,15416,77659,217904,198045,68950,107936,83339,32620,298220,22057,30746,33713,33325,159494
GA-08,GA,443123,16478,241628,54850,14145,108162,192084,183893,78539,241741,102264,48651,113614,64052,59665,47786,35027,72230
GA-09,GA,466010,58278,105451,123476,19506,94711,196844,192452,82848,215435,97501,42102,162599,36665,47962,44993,35902,100126
GA-10,GA,478059,22496,193877,58198,16216,114058,192339,182923,76279,211839,105389,41312,142575,45372,55149,47097,38941,90657
GA-11,GA,510228,39460,103505,92947,19805,97898,207240,189399,74647,165646,102844,38123,211847,32934,43474,41864,35415,127131
GA-12,GA,398843,20401,294961,43065,15358,110495,192760,178884,79787,235992,103161,46925,117701,62406,58823,46048,31648,69880
GA-13,GA,188099,59021,407986,110825,15994,98215,207011,186076,62491,193550,106676,48233,154748,29139,48091,48481,40186,92176
GA-14,GA,535516,16134,105435,91371,22549,94982,198424,191170,74498,228756,109881,40475,132723,40612,54256,46407,38659,91658
HI-01,HI,107302,495204,26105,56401,169992,98321,193266,175339,100228,165426,98879,59273,197886,27295,32775,34074,32257,123308
HI-02,HI,207063,328939,20678,82522,265638,92061,181503,182015,91674,181994,108187,53787,157097,29537,33479,34068,30536,106577
IA-01,IA,665052,22864,48473,44931,14989,111486,192665,196907,94927,195543,108552,62023,168266,50982,64300,57352,43230,106357
IA-02,IA,685368,16298,49037,29975,16264,104924,185215,202516,102258,207969,107658,70058,152408,49750,66090,59216,48678,103516
IA-03,IA,628821,37396,51400,64482,15404,104118,213340,185594,81767,185567,103859,56804,189778,43050,60197,55495,45770,117644
IA-04,IA,658960,20303,24078,76598,19374,110929,178985,196267,100933,212358,109186,66296,134877,52667,63186,59077,46239,97343
ID-01,ID,735930,21566,11407,108783,39884,110813,233458,228140,110021,224870,163875,61932,177481,46728,65697,65747,51817,110744
ID-02,ID,714593,25947,16238,130624,34961,135614,230258,199158,90687,198028,139689,57679,188742,49671,68410,63651,48889,103969
IL-01,IL,271776,19761,390300,69410,12028,101568,183724,195405,85127,181087,125577,44934,164119,62359,51569,43743,35838,101246
IL-02,IL,251234,10218,374697,115115,15440,97883,185493,188690,83301,212533,129082,45153,120425,63067,63857,51622,36418,78914
IL-03,IL,294530,55607,49086,356863,28711,109015,222689,169583,60652,208715,84063,37184,181441,35136,44959,41675,37481,108955
IL-04,IL,176438,34697,43251,500949,37901,106189,202959,159334,65723,261010,77115,29730,112213,38014,52297,40227,29541,81770
IL-05,IL,537619,94572,26813,88320,10891,119820,223556,174594,78736,98793,69375,27888,355166,34222,36863,40005,38455,179346
IL-06,IL,543039,52603,47441,102698,11761,85162,190428,202414,93973,152694,103181,45263,230885,30828,42995,42375,37385,139026
IL-07,IL,222189,73832,340341,118529,13032,132877,221578,152867,64942,167423,84639,29087,239170,71571,49725,38021,35018,125771
IL-08,IL,410205,117924,41348,179147,18407,93826,206815,192298,72297,172020,100911,44221,202370,26476,38152,42540,39663,131120
IL-09,IL,446387,125905,76904,98038,13633,94272,203996,191880,88563,124218,82377,34252,292125,41419,45945,43434,37852,135654
IL-10,IL,436320,70016,58457,180649,19346,94203,183547,195137,80004,147665,88014,32122,233374,28407,36708,35665,33469,138287
IL-11,IL,474649,72264,54717,142376,15774,91756,197359,192213,74764,145674,98226,39632,225454,25150,35109,38393,35565,142327
IL-12,IL,654662,11612,46547,21152,17265,89391,183151,199366,98839,209298,123303,67655,125073,57024,61565,52778,40619,89507
IL-13,IL,486087,38751,175650,37204,17352,122351,181983,180253,83224,186503,111640,46793,153843,66507,65641,55442,39966,84788
IL-14,IL,443276,46311,83511,172070,18528,103167,207191,170604,64430,180597,105028,44649,157881,30248,39504,40740,35704,117583
IL-15,IL,676214,8898,29684,21163,15152,85341,180223,202761,105548,226248,115342,54759,132604,48059,61026,54243,43768,96307
IL-16,IL,639296,21798,25596,49584,15479,82442,183709,197319,98992,189452,117224,54604,160549,38564,53171,50340,42624,116631
IL-17,IL,508830,20719,127870,84143,17127,109773,176014,185130,93611,214712,117246,50055,120758,70965,72679,55428,39680,76031
IN-01,IN,447626,14905,156823,124734,17771,94277,190543,193388,86799,230722,110762,44606,131178,49205,58172,48244,40778,95508
IN-02,IN,572604,15331,64160,85184,18161,100417,179928,182154,84465,236556,98100,41203,119227,46870,63646,52619,39699,79677
IN-03,IN,606817,24118,57946,50151,15540,98078,181540,182869,82866,226848,98806,48816,122432,43229,63556,57739,45105,83795
IN-04,IN,613531,31463,37411,53712,18921,113533,185406,180405,75941,201362,95683,41909,150589,41955,55489,50044,41847,99703
IN-05,IN,611605,33321,57591,34792,14940,99133,192620,184786,81824,169118,93562,43219,197671,41375,52720,50581,38170,112139
IN-06,IN,610472,45066,42050,39669,15773,96443,195530,180592,81444,220431,102129,45769,138919,41888,58651,53727,43969,93248
IN-07,IN,341540,20214,272334,111802,16926,121930,200971,165539,62011,195936,91928,36591,171701,64357,72182,56048,37936,78493
IN-08,IN,661160,10946,40583,23122,15752,98087,181056,195630,92003,239611,102346,58513,115187,54489,68977,56119,41312,82699
IN-09,IN,655649,17285,31119,31025,17674,106411,183038,192224,86763,228488,101177,48252,132744,50507,60596,53451,43447,89635
KS-01,KS,547576,18884,30857,115120,27465,121499,169043,165445,83616,171785,110850,45909,136857,51832,64300,55608,39719,78887
KS-02,KS,512507,18776,80284,94762,35806,97441,174283,178407,82743,194390,112540,44127,129271,51927,64595,53334,38223,77095
KS-03,KS,551145,43008,46248,73610,20898,91971,199014,176302,74662,110380,94628,37773,255551,26171,39613,44542,38579,140339
KS-04,KS,511347,31527,65886,99111,35026,97827,180022,174305,79289,176547,115470,43856,146586,45784,62797,52962,39102,83226
KY-01,KY,629590,8302,67417,28616,16826,99323,175360,194810,91891,251627,107263,47625,103454,67303,68008,54477,39074,64983
KY-02,KY,627377,19945,54016,31381,18056,98612,187776,190332,82052,237498,106010,47256,117022,54368,63469,50695,38534,81745
KY-03,KY,464663,31128,184725,57964,16060,104536,194390,184332,82355,182602,109998,43383,181834,55982,66156,56442,41681,94814
KY-04,KY,650045,12875,36784,31879,17589,92960,193526,193640,77463,205918,100936,47937,157596,43342,51280,46807,37657,106199
KY-05,KY,703679,4425,15860,11449,14163,90470,184612,201218,90542,303853,98513,41099,78560,89816,68761,47727,31315,48024
KY-06,KY,589410,22088,77257,46565,16961,118611,190302,177817,75975,185219,96322,42111,173473,54704,63075,52438,38438,91788
LA-01,LA,535770,24737,108188,90968,20898,91944,197644,200347,91312,195732,114781,38309,188762,49458,55318,48841,39154,109981
LA-02,LA,260930,26015,412387,74305,14086,101820,212004,190947,76401,237418,118299,36041,143015,79637,63570,47025,32153,77608
LA-03,LA,506088,17466,189998,43292,22189,102831,197615,189839,77219,262993,98619,36276,120161,65359,62726,47088,37622,84837
LA-04,LA,530753,14693,169212,39630,24075,102601,196276,184278,88138,247883,108506,40441,121974,68367,62855,45919,32916,79704
LA-05,LA,484005,15094,225122,38166,15079,114747,195259,181951,79346,244039,104599,32372,129494,64664,57902,45074,31374,83213
LA-06,LA,279156,13831,438212,36188,12901,114740,188910,180264,78768,251747,105094,32428,112163,85088,68493,46360,29167,63791
MA-01,MA,542205,23437,66014,145763,16110,100414,186084,214222,99323,222340,99288,53004,172395,58353,57695,49438,39428,111003
MA-02,MA,552952,65529,58670,86964,12599,108695,192017,204926,82890,160674,84643,43847,238367,41959,43028,39993,34527,136629
MA-03,MA,473766,71810,54868,170217,13006,101843,202311,204033,76366,196835,89086,42234,205240,38093,41018,41338,33053,135953
MA-04,MA,608591,61971,42292,47651,9252,93381,199830,209982,88163,162076,75085,40735,264519,35669,36167,34811,32419,159973
MA-05,MA,504362,113440,52735,81745,8693,109507,218516,186858,89226,130673,57765,29465,333286,34607,31935,31281,31877,176302
MA-06,MA,598923,45694,39093,84783,9909,87829,191923,222167,99311,159301,78997,45875,271347,35332,35886,34210,33904,163349
MA-07,MA,302053,102587,206558,171010,13215,180269,225107,146587,59667,179955,67034,26455,255568,61976,40542,36519,32758,131628
MA-08,MA,517990,83144,108481,53050,8787,112197,213537,196981,86741,161428,78353,39358,283788,38826,35269,36246,35031,168951
MA-09,MA,648055,14872,41155,46502,12905,86330,171405,233265,125793,186204,96673,53907,234301,38560,45974,44260,37854,147371
MD-01,MD,556865,26324,130577,43036,17058,92678,183268,213898,99507,206841,109409,42925,181824,37549,47293,43076,38399,132663
MD-02,MD,458101,56186,200303,46530,13367,96790,194049,199523,93378,159347,96105,38112,241540,32199,40885,43092,39451,142311
MD-03,MD,440188,99064,153103,69306,15763,91712,209731,194652,81424,128931,92221,36068,275201,20498,26335,32063,33526,173849
MD-04,MD,82172,46901,451323,193821,17148,108877,210513,181685,66008,213482,101486,33322,167382,31167,38038,44398,39134,117896
MD-05,MD,338267,35545,334313,55443,19857,93470,206438,209182,71522,163456,112686,40388,217485,19396,23812,30806,32107,171957
MD-06,MD,466291,77692,114854,103695,16205,96407,208581,198689,79879,186455,93922,42845,211508,32367,40376,39645,36481,138692
MD-07,MD,229512,35011,433275,65598,14686,115595,209075,181490,76091,227569,106244,32129,166570,71924,62142,52733,37486,90365
MD-08,MD,341867,126121,146611,152244,13689,86318,201742,196278,93505,110560,60545,26301,337236,23233,28185,29725,28420,174450
ME-01,ME,609297,16273,20868,15016,14111,80645,168553,198709,95781,157826,90119,48703,208437,38329,49013,48802,40149,113222
ME-02,ME,618967,9200,15436,11593,21010,76509,158763,203998,100051,213529,98091,54431,134825,58404,67246,51716,38426,74865
MI-01,MI,693536,7680,12086,15847,41436,88483,164502,238022,126609,223810,132704,62865,151081,61893,76437,63810,46816,81894
MI-02,MI,680601,7723,22794,36060,23167,99635,182813,213238,95613,242530,125739,54755,113941,49405,65396,55650,44260,79285
MI-03,MI,543947,29900,105280,82760,19036,121353,197584,175556,76993,168065,107213,48839,187499,44317,57525,52917,42550,100324
MI-04,MI,581638,25242,82080,66314,20683,116245,185752,186068,85129,186498,113676,46768,161469,46577,61707,53210,41997,98382
MI-05,MI,654497,10674,44448,40121,21569,91935,182406,213980,100280,233708,125843,57527,123899,48142,65712,58073,41631,89476
MI-06,MI,536084,92062,91635,38423,15849,120481,188757,192192,85410,116836,95697,41304,264800,37740,46301,44179,37419,140068
MI-07,MI,619440,31172,61098,43903,19213,117151,184152,201329,84993,155585,123084,53144,188820,42358,57128,52978,42596,114265
MI-08,MI,569036,12571,132430,41495,19779,98082,182029,208333,98829,216892,132469,61177,128987,61952,74520,57075,41958,84459
MI-09,MI,681480,15113,25456,29890,17699,86046,184118,227490,91753,204005,127550,60577,153102,37576,54628,48737,41890,119155
MI-10,MI,563998,54707,116066,23457,14620,102502,194811,207908,93578,207435,126288,56345,161924,45847,62948,53915,45344,109505
MI-11,MI,529713,76277,113756,41334,13483,108281,203016,205898,90906,135045,102903,43929,277341,41341,52564,47291,41872,145784
MI-12,MI,356248,20578,363437,25253,13381,105664,188723,188900,83810,203800,130623,47987,137109,67319,65882,50918,37975,75027
MI-13,MI,285433,28229,373556,79565,17798,113398,194116,185310,75918,248811,117529,38533,110379,84481,71109,50316,32790,62657
MN-01,MN,587883,25845,34801,51121,12784,95287,169569,175633,89445,170724,94945,62424,149861,40095,52690,49699,41446,102440
MN-02,MN,536985,48872,56813,54131,15534,84383,192589,175267,67328,121129,93875,59132,202203,21188,34512,36963,34177,139195
MN-03,MN,509159,72348,80728,37414,13246,72884,190631,187250,79704,107575,90916,49402,251434,24305,36196,39208,35799,147409
MN-04,MN,443863,108161,95983,52740,17819,100451,185446,166758,72207,129283,83545,42064,222666,34222,45117,44031,35160,119627
MN-05,MN,427555,54149,142909,72377,23797,130349,208197,145591,60852,120892,85702,38850,242329,45038,49099,49813,40505,118897
MN-06,MN,599561,28577,41293,26489,13732,87475,190577,175355,60854,142872,101534,61268,161272,22472,34508,38796,36421,127761
MN-07,MN,628503,9584,16383,37738,19935,80264,159456,188468,100323,188558,109029,73402,115614,46062,56178,51537,42694,91960
MN-08,MN,620371,10168,14736,13630,50191,84121,163943,201062,98028,180287,121654,65490,134461,45006,56680,52343,40451,96426
MO-01,MO,311031,36230,376003,34901,14875,117631,202153,184834,78641,183106,114255,40882,192132,71851,76885,61477,39667,88154
MO-02,MO,647653,43626,32977,24634,16028,83227,190259,205330,100274,133450,100388,42464,262083,29009,44874,45261,40037,146897
MO-03,MO,650510,20924,47096,25268,21408,107081,191718,195578,87052,187645,107425,46351,180446,39588,55216,51364,42965,110435
MO-04,MO,641000,13948,45589,37040,29559,103652,181715,192845,91845,232053,113582,45296,124213,51463,64862,54842,40999,80135
MO-05,MO,445232,25865,190606,86205,29361,111860,203417,180549,80305,190695,119966,40956,175203,59036,70108,57319,42376,96872
MO-06,MO,663432,12632,37873,29400,23628,94920,190593,192558,91016,234162,109117,42337,134330,48521,57240,50659,42300,90170
MO-07,MO,636951,16582,25660,47001,41378,109500,185978,186899,94152,216465,122482,41527,137429,60937,75677,59721,41411,72877
MO-08,MO,668098,9529,42819,18619,25068,95041,186273,202442,94900,267820,111331,45516,104002,65328,69933,54112,39139,68607
MS-01,MS,478666,9993,211581,28356,12489,99069,185602,177343,81163,221645,105072,51158,113610,61062,61378,47905,37227,73575
MS-02,MS,235188,5786,477741,16923,8881,99208,176287,184776,80781,230912,106255,49617,104044,86079,70884,44514,29540,46844
MS-03,MS,438840,11518,253094,20969,17464,100617,183124,176980,82290,199057,102430,51683,135562,67252,60650,45795,33122,73544
MS-04,MS,486383,17634,181197,38972,18130,99654,185919,180786,82840,206267,117496,56659,116855,64077,63695,49100,35205,69821
MT-01,MT,459816,9018,5120,22181,42135,80361,134751,140082,69223,119333,85641,34439,142030,38191,47275,40632,30263,67045
MT-02,MT,441502,7871,7617,23018,61544,64683,131276,142230,69967,133486,89875,37799,115597,35724,46833,40626,30528,66800
NC-01,NC,426065,11397,251298,42659,19295,85610,169380,213177,109445,234327,123303,55539,122556,67433,69947,53833,38551,75935
NC-02,NC,400547,52943,188408,96435,16038,117190,218868,166014,62125,116914,82791,40321,269582,35096,48860,47072,37241,127617
NC-03,NC,396511,17748,228142,92928,21297,135693,175361,163524,74246,202666,104364,54340,107108,64165,72556,53227,37661,63192
NC-04,NC,395824,91532,162837,85915,15989,102823,214422,167579,65217,101103,65186,37055,295485,33667,43226,41871,33365,135401
NC-05,NC,507354,20317,146858,59024,16949,101749,174112,198037,95146,219582,109036,51798,132938,67143,72489,51024,36936,73064
NC-06,NC,466399,31495,153914,80826,19480,96006,187773,189455,85075,201440,109486,51073,148044,51607,65153,51398,40600,83088
NC-07,NC,478702,15766,160874,61609,36448,95819,179695,200209,101007,184860,118303,58147,165722,59396,61678,54710,39758,89604
NC-08,NC,453271,31786,137312,69986,58710,87003,193407,188270,79784,186275,99294,49136,168683,42418,48632,40314,33666,100004
NC-09,NC,437637,20803,177432,94277,28528,107757,183711,181892,86564,193237,117810,56209,136974,52203,65358,54632,38634,79394
NC-10,NC,493055,24131,130655,84946,18699,95018,184489,196183,87158,199195,106458,53076,156248,52115,64427,52188,39820,87205
NC-11,NC,613832,10934,33066,57087,31164,84569,178259,208540,122794,199650,111512,56541,185064,58660,70872,54137,39590,81437
NC-12,NC,267498,48891,295073,131029,16843,133345,225021,150413,49251,145534,96395,41165,216976,44995,64404,58864,38539,100501
NC-13,NC,470899,13969,149850,97421,21357,87346,200396,192183,74349,191095,110429,61126,148540,40886,49554,47439,37219,99068
NC-14,NC,504554,33737,128834,64454,18439,86667,197692,195377,83946,186667,105753,55031,174970,47307,58669,47537,37170,99810
ND-01,ND,636160,18675,34499,33412,57863,120021,192616,173895,82930,165044,109820,72298,159094,48715,57933,55097,44389,113904
NE-01,NE,509174,25567,33246,71208,17490,102511,161043,147542,66151,131270,89696,50099,148087,33518,51026,45780,37037,90452
NE-02,NE,443338,35895,78430,83564,18406,88169,178590,143190,57227,122398,90320,36070,176994,35290,44004,42624,33148,101380
NE-03,NE,532175,7544,13097,79943,23433,75747,147029,165069,89563,176502,104382,53118,104349,45366,56996,50063,37133,72562
NH-01,NH,601086,22820,17875,29821,12827,91014,168292,198424,84621,158223,89005,51869,196484,30101,39634,41724,36624,126955
NH-02,NH,599563,24041,15123,29633,14433,83483,167189,202756,90256,174475,85661,48672,192964,31404,42383,40503,35018,120770
NJ-01,NJ,459821,48631,149917,115580,15249,103298,198862,198240,82572,209541,97267,44033,181736,41234,46282,43074,37648,124755
NJ-02,NJ,494194,35010,106165,134110,18181,90976,182148,217884,106433,247878,98966,43063,161291,44411,51328,47045,38054,118516
NJ-03,NJ,491248,75966,113155,87333,12667,92329,195879,214798,94041,166639,92377,42081,248421,25374,33622,35697,34673,158702
NJ-04,NJ,622261,25309,35144,79615,10080,86609,165107,202727,114531,184447,94036,41570,204918,33024,46610,41173,32557,135797
NJ-05,NJ,457907,133911,56183,125578,10080,83543,190646,217738,98348,140049,78889,35152,291749,24171,29847,30357,28333,170816
NJ-06,NJ,323138,157258,102923,189896,13262,108570,205574,195638,73812,190018,82470,36219,219179,34176,35192,35899,34783,136710
NJ-07,NJ,547950,74242,48691,94192,9712,80720,191372,227590,92353,141504,76310,36496,294546,22354,27847,31796,31024,178466
NJ-08,NJ,192335,99570,90811,394709,19700,118957,251885,156594,58049,236606,67235,24019,210061,50093,51170,43885,35478,120496
NJ-09,NJ,295557,77759,88057,321423,17005,104623,210034,185375,75544,238890,82245,31635,172600,39619,44236,39643,32285,116110
NJ-10,NJ,145060,55759,413874,164996,13403,109319,209448,178177,71033,224654,94880,34068,162476,59950,48771,44442,30745,97837
NJ-11,NJ,476809,103444,62124,127683,9710,87338,198952,206361,91298,128134,66998,30220,311716,21462,27881,29536,29522,174608
NJ-12,NJ,308278,160007,139348,166222,13435,93980,202788,197416,83292,168006,73333,31507,256875,32136,35476,32996,32628,145810
NM-01,NM,321344,29953,29771,288643,58696,92019,179593,185509,91157,150181,116151,46788,191138,57421,60485,51479,36934,92868
NM-02,NM,207762,13380,22640,423032,60566,105339,171734,156175,77902,207545,101601,41078,103491,61267,56483,44455,30589,58752
NM-03,NM,243846,12664,15998,299136,150365,88938,169742,175218,86412,199000,113841,40819,122275,60236,55998,44578,31109,70198
NV-01,NV,307272,79837,101089,279804,36223,97685,204801,181838,84582,233392,121790,41667,125970,53291,60730,49251,38338,82539
NV-02,NV,487839,48322,24723,179638,46402,102402,197627,201398,92983,203858,136859,51595,153841,40015,53111,51691,42798,117701
NV-03,NV,340837,164020,98106,164168,36785,102778,230960,189219,83445,191170,134311,49058,187370,40786,54570,52692,40393,114925
NV-04,NV,289370,61357,150071,267296,38884,108150,212415,180111,73891,244618,130261,43905,104822,44376,55499,48968,37124,84873
NY-01,NY,561390,47493,45929,115800,11789,93133,174386,223187,105745,162412,85927,50752,245650,22640,26480,31113,26982,165137
NY-02,NY,438240,31989,94649,212259,16295,104841,199949,208090,81173,218253,93921,54203,177358,21750,25877,26349,28220,145759
NY-03,NY,423148,194297,38098,116410,8892,86273,183334,217716,110950,152027,72145,39849,290500,22731,25492,25583,26168,166382
NY-04,NY,393800,63605,148651,171562,11404,99581,194452,203733,89099,176384,84064,43714,232855,19061,24319,25541,23131,154736
NY-05,NY,99311,136686,363560,159791,25739,110069,200813,213248,85800,254961,102849,45243,154425,35994,40307,36643,30909,104974
NY-06,NY,181840,361581,44171,193052,14773,87902,213562,198176,93549,237849,66720,43874,208428,44969,46567,42996,33974,105439
NY-07,NY,283418,113403,114242,279031,21567,139873,245635,138717,53689,212119,63764,30351,217365,50738,42833,37933,32524,119162
NY-08,NY,212838,80630,382856,125497,12734,109657,211293,183005,90823,241124,73058,41011,193020,74489,51006,39120,32800,98780
NY-09,NY,250805,83509,361627,88516,10975,108739,209238,172599,79102,214613,79091,36970,193739,55246,48507,42784,33239,99771
NY-10,NY,378250,187363,64363,148760,14934,115218,242623,153196,69718,152753,40695,18007,324829,51988,37148,30469,26978,163924
NY-11,NY,399675,171567,69607,142031,13663,94635,200326,197919,87299,227345,75722,37225,194753,39999,39273,37657,30821,118657
NY-12,NY,506527,126732,53070,87200,9107,114315,227146,165087,105357,62156,40966,16187,455305,46076,33519,32244,30183,234393
NY-13,NY,119776,49320,265285,406407,25899,139340,241030,180177,73621,256496,88599,31806,197720,93499,57206,46802,32253,81591
NY-14,NY,142925,103327,157196,406921,27762,110881,214823,161891,66851,254439,72052,39886,139980,56955,46905,41506,29992,84053
NY-15,NY,72234,33044,333282,407458,25043,113428,201836,169265,65114,266427,82143,38495,107872,92560,57645,42293,30405,57924
NY-16,NY,308656,61243,195980,223639,15690,94761,200465,194769,95127,172128,73037,37731,253893,42009,39550,33563,29657,143894
NY-17,NY,500513,47291,71329,154546,11486,92304,179459,204688,91313,151319,77676,37822,251169,24814,29036,27568,26935,150106
NY-18,NY,490342,31136,103260,140558,17727,103709,187209,203543,87254,193763,95134,54929,181547,40676,43262,40490,32351,127686
NY-19,NY,620742,33974,50801,52718,17977,111062,173572,213976,107657,208106,87361,62827,181277,55629,59749,53009,39630,103893
NY-20,NY,555447,53687,96916,55304,17285,116236,191555,198425,95269,168985,85677,63576,219285,47592,52084,50767,42653,129975
NY-21,NY,680797,10755,29447,27119,23727,100091,181275,217547,101134,242618,97438,70111,135756,54709,62201,56777,43880,95021
NY-22,NY,588441,37739,91789,43315,18400,104327,181969,201433,95626,191318,90715,67984,177341,55935,58832,52608,40014,103206
NY-23,NY,685424,12668,26871,28159,19785,86017,175897,226961,108226,219942,93667,75608,163182,54245,65177,54811,42106,104866
NY-24,NY,681306,9439,31199,32163,19126,96135,180672,220964,99974,236192,100542,74226,137026,50595,63692,58063,45144,98995
NY-25,NY,521860,40480,137835,73263,13460,105265,189935,198868,96466,168081,85832,64490,219904,53979,60587,52188,41772,113432
NY-26,NY,501202,50761,161860,56553,15142,114794,193820,196899,90122,193369,99803,61739,185236,70948,69241,56135,42859,95854
OH-01,OH,547539,37437,157029,29652,14909,113561,203247,187216,75520,171834,91518,42771,217953,57945,56046,46395,39256,119288
OH-02,OH,718703,8536,25109,11994,19197,99354,190557,210260,94231,275453,101036,50453,115464,64963,64788,51380,41695,83040
OH-03,OH,433335,53032,241098,49377,15685,136937,219408,161048,66857,158355,96812,35467,230646,53639,68391,56551,41456,108284
OH-04,OH,675247,14579,55694,21547,17544,95862,191548,203084,93164,252537,108114,52449,121852,48241,64364,56828,43523,95347
OH-05,OH,648723,11887,52474,58729,16853,103267,186256,206060,97547,243470,112193,53908,127816,55307,68260,58669,43159,90715
OH-06,OH,675162,6156,61524,25658,16731,94681,180300,216493,107519,291293,101744,51566,107228,63322,74461,59194,44583,77362
OH-07,OH,678794,29809,32769,28927,13190,86687,187577,219577,108614,195626,107144,48443,207934,36857,54452,56862,47284,125581
OH-08,OH,577386,34920,119943,37566,17131,97771,190927,201758,91083,205387,100123,43728,180654,42240,57920,52789,42097,113735
OH-09,OH,591847,13949,111971,54865,16807,97865,188184,206893,95500,223412,116915,57439,143430,59288,70635,59573,43953,94484
OH-10,OH,559662,26646,150861,31642,19397,109286,188364,196115,96830,192031,123592,53055,166546,59398,67653,56039,44750,98581
OH-11,OH,320534,28852,373227,61809,13441,118847,195299,196620,88772,213961,115345,43044,172519,97326,82467,58673,36757,78006
OH-12,OH,678141,29484,43073,16351,16919,90873,197195,204440,88093,221687,97834,47060,165643,41698,53415,47057,39043,113988
OH-13,OH,588657,32818,124949,21489,17303,107229,188805,205628,98582,204282,113262,45503,181884,60694,68248,54941,43344,102483
OH-14,OH,681902,10974,48068,24928,15827,93160,178864,224244,112277,251530,111574,48187,149839,50582,67713,57368,44130,102174
OH-15,OH,578503,38224,106703,46774,18636,101529,220901,187386,70076,221403,103533,42306,169917,43663,57785,57054,41596,108580
OK-01,OK,453790,33959,91759,109570,119150,107524,208406,180465,79254,188289,119645,47744,167995,49271,65189,55491,40087,99352
OK-02,OK,478909,9256,38478,44111,233878,99356,187846,201692,103750,272630,118568,47044,103502,69210,75365,56053,36428,64979
OK-03,OK,476024,16917,54778,160404,99731,115164,198697,173948,81208,250946,109771,38776,107345,62610,69466,56501,37396,68889
OK-04,OK,506779,28547,83688,79628,108928,122840,201668,179130,82462,214261,123511,41243,139636,52053,66563,55990,42097,87425
OK-05,OK,491686,34935,113995,78218,87170,109443,209405,182089,81909,170721,121066,42322,196260,49441,61698,53537,42329,105291
OR-01,OR,462669,87668,24784,105954,30987,100333,214674,164272,69786,124742,105740,41099,233719,34331,43117,40922,38576,134903
OR-02,OR,532626,15049,10477,102458,46479,81214,167399,187931,105887,202439,136139,48861,116193,51820,60400,50297,38724,76391
OR-03,OR,455231,69838,54453,99967,35978,92859,226830,162371,64680,147761,112145,43187,204130,35765,44849,43789,37192,113679
OR-04,OR,558236,30355,14067,62629,41013,106345,160724,185868,105128,155340,134719,47721,158261,56182,61586,52386,39065,86257
OR-05,OR,556406,33808,13615,71089,30279,82748,189766,182273,89633,145253,125811,48537,186738,33576,44548,44951,38120,115343
OR-06,OR,470990,38578,17296,146660,40699,98414,187575,164982,78362,151829,120029,43585,165118,35130,44532,45382,33077,105910
PA-01,PA,610806,55699,40390,46406,10073,85377,184271,222808,98949,181012,84087,45521,236549,25488,36350,39244,35210,154452
PA-02,PA,286229,81027,216157,188767,13233,106150,209883,173992,68598,263204,81554,32704,138234,72749,62180,46192,35285,78572
PA-03,PA,246457,61017,413200,45569,12330,145849,211923,158218,72445,183991,92294,29985,217625,84745,62148,52861,37592,96325
PA-04,PA,582314,54031,75527,44623,9537,87341,191843,210138,98132,167471,75821,41136,258941,27923,36739,40401,36701,153144
PA-05,PA,444427,61977,205169,48208,10562,99953,198105,189239,82183,180049,84932,39961,213347,41332,50133,41190,34859,123189
PA-06,PA,529533,45534,61429,125169,13778,94485,191702,196166,86286,163643,71836,35972,247619,31649,38815,38768,33750,143128
PA-07,PA,524516,29717,66126,146250,12776,96474,188351,201636,96847,228992,87513,51181,165592,39473,55672,48390,39116,111326
PA-08,PA,570830,20186,69281,100601,13238,93279,181353,213156,104069,249372,96565,54515,143724,54682,62688,51598,41327,90939
PA-09,PA,669737,10160,27688,44306,12365,90044,177679,214592,108720,290253,81448,52417,121052,51585,64892,55333,42469,90919
PA-10,PA,544794,41079,101805,72462,13289,95954,194850,198344,92596,222887,84162,50505,177614,41279,54921,54638,43982,112847
PA-11,PA,625709,21199,41832,70434,11682,94384,182340,194990,99340,248461,80099,42029,154277,32725,48802,51907,43538,115393
PA-12,PA,557398,40854,133410,21121,11320,116035,191948,196041,99631,184693,87478,57961,217401,64889,66815,53055,40160,110932
PA-13,PA,685539,8131,28330,27923,12906,89030,176261,211722,111154,296063,82275,49447,114696,50924,67141,55839,43870,88013
PA-14,PA,691321,7699,35308,12146,12086,90455,174233,223702,113831,265392,86340,58118,144988,59190,68242,54583,43473,94761
PA-15,PA,691812,18712,20569,16775,12504,108020,173344,208401,105186,276584,73121,51479,129865,55564,67062,56068,40757,80117
PA-16,PA,665554,14306,46299,20408,12803,91153,178063,214872,104679,247279,83299,53718,156587,57660,66405,54571,40521,93250
PA-17,PA,626441,32398,72514,18447,11214,80329,194624,214235,106166,170592,88611,58743,243207,45269,57352,53915,42609,129165
RI-01,RI,350196,25544,63733,101746,12573,76617,138190,140165,65827,150550,63954,28571,139725,37914,37514,30683,26504,82934
RI-02,RI,403854,22906,36192,80355,13115,77085,135524,149299,66876,138596,74946,34842,140100,30943,31192,32954,29470,92111
SC-01,SC,498807,20720,137077,59591,16892,88417,186394,187598,97745,150847,105215,48908,212187,34992,45679,47080,40730,119644
SC-02,SC,446768,21602,198945,51434,18232,93289,188396,185744,80411,171242,104461,50607,175178,46165,59655,50452,40311,93719
SC-03,SC,524457,11378,137366,42512,16546,93189,172188,192380,94007,225634,93050,56333,126633,60119,65171,50119,36315,74325
SC-04,SC,468620,24037,148194,77653,16613,101101,189027,178781,81132,180934,97516,47841,175227,47267,60297,52128,40142,90665
SC-05,SC,468920,18837,188617,39825,17753,87431,189387,187089,83914,206289,105852,52536,139676,51663,57813,50252,35346,89090
SC-06,SC,304061,15872,358538,45619,13980,121678,181752,176378,79549,212061,98578,46588,138094,74265,69691,51849,33450,64788
SC-07,SC,466919,11220,201791,36204,16832,83747,166472,212489,110473,243751,111503,54805,121775,63487,70079,53117,35489,67731
SD-01,SD,705583,18489,26307,38741,100484,117036,213991,216406,101978,219124,119000,72002,178861,53262,71810,62664,52841,110605
TN-01,TN,674765,9239,24950,37332,20548,94978,180769,215469,109463,268024,114998,44776,124562,70402,76278,56639,39028,70386
TN-02,TN,630610,18436,55734,41560,21084,110687,189444,197409,95517,210109,103017,45794,174462,54021,65391,53758,41199,96409
TN-03,TN,597466,15574,88094,44410,23252,97036,192001,203668,99152,225144,121806,49362,149546,56966,66779,53248,41075,89985
TN-04,TN,582497,20160,84304,61910,20845,109112,197921,187232,77309,244945,106055,38631,125502,47130,61300,55085,41619,81210
TN-05,TN,531224,40160,102908,79120,16553,96101,216037,180305,74006,150168,91935,38948,239823,32758,46949,46481,39567,130146
TN-06,TN,596648,12965,79753,59323,20794,103727,202979,197678,87037,248794,109430,38050,147897,56586,67529,57183,42970,86188
TN-07,TN,533197,22558,138302,57129,21059,124726,206362,176148,67012,205430,102557,42514,166574,46429,59795,54464,41611,94457
TN-08,TN,559984,20101,144048,27811,15647,87011,186349,200772,98032,238112,104250,35490,150443,56846,60284,48533,37475,90624
TN-09,TN,193855,19490,478021,70592,12662,121428,197910,174827,64088,217824,115258,33621,134861,72990,72147,53298,32834,67583
TX-01,TX,456512,12466,149986,131370,22298,102480,184486,185136,88484,221448,127446,44470,113539,56942,60520,50336,36671,76632
TX-02,TX,377278,56906,101564,219272,24078,93041,221419,167626,60199,146308,107694,39856,204757,25981,37168,41159,34108,132699
TX-03,TX,415627,91019,94200,149552,25161,90131,223023,173490,61368,151714,100918,40526,208216,27150,38346,38245,34504,127157
TX-04,TX,440182,130942,80321,94705,25243,89596,225428,178602,74352,129889,96731,39135,258765,31380,39269,42901,32435,142953
TX-05,TX,362141,29658,134474,228669,25212,103858,209306,173308,68818,223599,117756,39634,124717,38721,55712,49720,35755,89903
TX-06,TX,359233,44858,105042,243041,28339,107863,207857,172582,63742,202600,108225,39015,147051,29672,47611,46791,35932,104711
TX-07,TX,215919,146116,133284,269732,18893,138435,240043,154716,48409,169650,72248,29612,247958,44860,58291,49108,33033,118348
TX-08,TX,297571,57751,142464,261846,24119,112392,210624,166548,56149,186985,107506,39002,154180,35756,51216,45359,34789,98965
TX-09,TX,192417,14619,80038,476484,23603,112259,203653,155947,52789,277971,92770,33639,61665,43191,57764,46115,33246,67641
TX-10,TX,458377,52840,79772,161528,20729,126928,199332,178389,73463,167994,93721,29954,212965,47759,51457,45145,32806,115387
TX-11,TX,362807,38266,58335,296966,22853,102594,215663,160372,66399,192279,116187,37892,152695,40381,51471,46099,37590,116895
TX-12,TX,381284,34453,82995,254786,24987,110592,213607,164015,62933,207200,100618,38408,151748,38882,51147,49222,36351,102134
TX-13,TX,444351,25329,64153,215470,28903,120740,196451,168035,75383,212126,118847,39885,125441,51450,62759,48635,38041,83040
TX-14,TX,385771,53395,132276,184950,20400,93967,212870,183210,67165,187338,117323,49189,156466,39847,43786,41249,33427,117277
TX-15,TX,117450,9596,14885,622979,12688,113933,192503,142357,66825,252847,90881,26677,85629,60286,54188,41496,26132,55180
TX-16,TX,90505,17087,34815,628547,21866,125442,196831,156769,66799,209345,105743,41490,124509,61201,60015,48348,30421,64174
TX-17,TX,422960,49557,94581,187315,24263,106649,210456,170227,73173,182912,111664,46582,163011,44555,52600,48775,34933,103964
TX-18,TX,98096,57190,343660,272100,18350,118863,216491,157313,58110,220291,94029,29203,149484,59386,61004,50392,33532,76349
TX-19,TX,384927,18348,61084,293914,22243,131694,188122,157039,71645,215575,104229,36709,115837,56327,61856,49040,37460,78022
TX-20,TX,123589,30499,87960,531165,26127,124577,217999,156840,61496,240933,115293,40078,104056,64650,71402,53334,35600,60956
TX-21,TX,416457,34159,40779,265655,27273,121654,195955,182282,88440,142661,115373,41743,221958,40076,54992,51655,41055,118900
TX-22,TX,329709,113903,93682,222036,18148,89260,225284,176166,62859,147827,101290,38555,221977,25766,34654,35039,32579,136247
TX-23,TX,233629,31647,42885,458207,20376,102724,208813,148833,63136,177055,96811,41155,159300,36561,42464,40605,31972,99946
TX-24,TX,459976,86658,66748,136164,25111,92676,212117,187123,65910,112763,98741,36285,267341,22938,36931,40616,37239,152675
TX-25,TX,358143,27639,159881,209569,24351,111912,202961,173215,72987,218602,115277,38845,133593,45631,61652,50625,38504,87440
TX-26,TX,426299,78429,89220,155807,26490,91709,236231,184203,57971,140495,112740,43660,233215,22335,37086,41589,37208,148040
TX-27,TX,337561,18461,61457,341748,21969,94331,203237,184355,78753,233554,112401,37260,129350,44490,52143,47309,38282,96747
TX-28,TX,56903,5991,5667,696384,11540,112204,189274,141278,61530,255975,81381,27072,81148,62532,51297,36323,27612,51285
TX-29,TX,82842,28485,209561,448422,25823,118456,220962,151980,43751,273321,92389,31309,81703,56980,64874,44168,30584,60054
TX-30,TX,102175,38669,354132,273333,21052,107185,206974,165141,53127,224827,108115,34595,111370,48137,54204,47669,32652,74736
TX-31,TX,405121,41502,131696,178913,33215,110556,214349,160027,71927,158149,128824,48409,165084,35488,50109,47416,39047,104198
TX-32,TX,377166,78038,110252,188003,23964,111829,208492,177819,71855,169987,110450,39506,196618,38204,49099,48478,39156,115006
TX-33,TX,172344,48270,121120,421489,25728,136746,221101,147977,41100,236105,75137,24227,151402,45033,60242,53006,38105,89114
TX-34,TX,143236,14939,19500,587438,14865,115330,190284,154012,73115,232741,97640,38923,102366,59855,55563,44527,32755,65306
TX-35,TX,240028,20432,67349,437906,25905,105280,205672,172773,68652,231138,111467,43921,113675,43465,52621,49608,38742,82539
TX-36,TX,346310,58121,150939,203502,19439,97812,200296,175666,74743,203926,113522,43510,140027,44386,56222,45722,34441,100324
TX-37,TX,334409,61435,76073,288854,24556,152763,264736,138069,44116,140670,87540,29230,277837,48540,53919,54675,44229,133208
TX-38,TX,375292,91553,87870,203896,21098,87657,218608,173075,64183,119663,96441,36169,251134,24455,35267,41445,33691,141668
UT-01,UT,509693,49153,28127,193681,47281,139618,233039,158042,61207,178571,114377,44657,187397,32974,48932,51130,42831,115211
UT-02,UT,647137,24757,16538,108723,27513,126995,218031,148476,58765,147404,125935,47832,163955,24176,40635,45318,40882,112059
UT-03,UT,644717,19528,10180,106083,42873,154223,185712,151044,75822,130213,121366,51466,169168,33275,49109,46580,37074,96391
UT-04,UT,663808,31650,12283,84425,28814,111622,230937,137345,50565,118648,120335,50978,187617,16004,27706,35965,37306,129261
VA-01,VA,555614,56289,115275,42300,17423,82543,201087,204670,103654,145942,101623,43825,257323,28815,40031,44375,37869,149851
VA-02,VA,460930,58781,197372,58585,21828,102300,211764,196042,80496,161003,124500,54076,202984,32538,44539,51697,40171,133622
VA-03,VA,305016,35513,375303,65272,23213,139322,198578,172922,70523,188964,126098,50619,145670,55914,66750,59858,41570,87858
VA-04,VA,330482,26279,343158,77370,17831,123063,206068,196243,80422,220518,115418,42469,171252,55325,65106,56685,41574,96702
VA-05,VA,537094,24169,175937,33229,15321,108538,180951,211212,108486,221526,104783,43506,179659,55134,62902,52704,38337,100938
VA-06,VA,613429,18312,76003,61812,17765,102003,185212,206744,103746,247072,104672,42991,149246,51314,62475,55023,41563,96406
VA-07,VA,398366,56343,185105,136766,24206,101248,214819,186886,65016,180470,103991,41115,189926,21765,31677,35973,35138,141452
VA-08,VA,387772,117170,112674,160598,18097,111736,247108,174888,67120,106208,60991,26886,362055,26423,30322,35686,37103,195676
VA-09,VA,675667,17100,52552,23444,15148,101787,178848,218947,115196,260744,113097,54298,128635,73514,72298,55768,38329,74055
VA-10,VA,413890,141672,81397,138727,17394,85926,231927,177914,59880,121437,79154,33049,278269,12224,19426,22699,25297,176847
VA-11,VA,382738,205452,79369,110266,13941,101450,220775,188311,72790,83817,60426,29032,359803,15062,19713,22592,27097,195994
VT-01,VT,573201,16182,14422,15504,17625,84981,150966,183426,86461,153284,74875,39344,191530,39569,50007,44856,35676,95750
WA-01,WA,460305,178364,31625,75892,27762,97500,246809,175461,64502,117358,104678,48920,272724,21458,25896,32606,32924,180361
WA-02,WA,531835,72744,32223,95062,43569,110223,194734,196610,97940,164712,132483,58228,188369,39133,49309,51794,41827,125590
WA-03,WA,579867,42531,24065,84867,42688,92764,198657,197889,90315,187790,140140,59996,147813,36110,47835,48384,43189,117392
WA-04,WA,393571,21053,14219,306171,46867,102121,190417,165796,75000,217461,106625,46848,111768,38682,53422,47331,39740,86833
WA-05,WA,607710,31065,24683,64444,45220,113072,191843,187747,93044,163361,135083,65782,162309,51378,60346,53937,41553,96486
WA-06,WA,555780,56081,42922,69642,56551,99940,193411,208026,107525,168301,141805,64156,187556,40979,49679,52096,42342,126364
WA-07,WA,481700,141885,53094,72968,27318,148403,255951,161745,68023,83007,83568,37314,372502,38394,39782,42760,36974,197619
WA-08,WA,532695,97429,27254,80954,35660,77478,216917,195296,70385,148310,110502,50915,211921,21277,30241,32114,32246,160095
WA-09,WA,312787,209762,114467,109699,41990,107886,226043,176439,70763,167249,102600,48999,216331,32634,39043,42833,34488,135931
WA-10,WA,462570,88932,81688,99514,60197,115517,210112,171495,77156,171230,130516,59934,158150,30787,44637,49061,42914,120466
WI-01,WI,546627,20156,64057,93218,16589,92883,180170,198771,82794,191496,111761,52612,150589,41252,53969,55362,43649,103384
WI-02,WI,584393,44835,42981,50590,13600,122465,191282,172051,76025,130350,83333,49438,231587,38166,51813,52901,43536,126563
WI-03,WI,656744,21362,15494,24625,15606,109192,166308,190298,90764,191845,99409,65114,134384,44251,62395,57037,43105,90354
WI-04,WI,302220,42833,257757,131084,18189,118413,193739,152548,61163,188276,93957,35470,153088,67932,68594,53850,35755,74508
WI-05,WI,632824,27029,18972,43682,11795,79486,182490,209096,96217,159598,103808,55332,207733,28345,46947,48814,41698,137438
WI-06,WI,634407,23307,23261,39816,14074,89673,175033,204892,94990,207519,107278,59693,143139,39272,61885,59655,44629,100628
WI-07,WI,659572,15613,10351,18899,28723,75076,166509,220068,104369,218425,110973,68297,131237,45328,63810,57455,44356,94696
WI-08,WI,617231,21210,19870,45376,33466,87274,180460,200275,87346,203150,99336,65088,144516,37900,58661,56488,46506,102601
WV-01,WV,805369,8927,48212,11331,18985,102630,212450,247594,128405,342099,116052,48533,132871,92864,85358,62197,41435,75958
WV-02,WV,793465,13354,42314,23496,20430,118098,218521,240797,116725,307235,115877,52954,155908,72650,77694,63066,45625,99193
WY-01,WY,469664,9473,9661,59046,29194,74499,146376,144472,64846,133996,98143,46082,113581,35843,42767,41961,32579,81006
